Model,Accuracy,Precision,Recall,F1 Score,ROC AUC
Logistic Regression,0.8252710401486552,0.8091037863055688,0.8260255365565147,0.8174692214341774,0.9027910303649824
Decision Tree,0.9985242428858647,0.9982625845604769,0.998622601353388,0.9984424789780656,0.9985291479025094
Random Forest,0.9992543556592576,0.9995077878355614,0.9989177854780618,0.999212668350671,0.9999965783275183
K-Nearest Neighbors,0.9133500916274391,0.8813477561476708,0.9442167664174121,0.9116917924857836,0.9699658120823956
Gaussian Naive Bayes,0.8384440246089431,0.8071554516716566,0.8658052164431732,0.8354484360409071,0.909876430323834
Support Vector Machine,0.9396805881048731,0.9198793803345126,0.9559243026845075,0.9375540277331071,0.987992163177666
