Model,Accuracy,Precision,Recall,F1 Score,ROC AUC
Random Forest (Tuned),0.9993009708737864,0.999507874015748,0.9990162321692081,0.9992619926199262,0.9999983666782621
